date,headline,summary,text,url,source
2025-07-22T17:03:13Z,"Download: iOS 26 Beta 4 OTA Profile Update, IPSW Links Out Now","Looking to download the latest iOS 26 beta 4 via OTA profile update or the IPSW links? Here’s how to install Apple’s latest developer beta on your iPhone.
The post Download: iOS 26 Beta 4 OTA Profile Update, IPSW Links Out Now first appeared on Redmond Pie.","Looking to download the latest iOS 26 beta 4 via OTA profile update or the IPSW links? Heres how to install Apples latest developer beta on your iPhone.
Apple has now released the fourth developer b… [+1516 chars]",https://www.redmondpie.com/download-ios-26-beta-4-ota-profile-update-ipsw-links-out-now/,redmondpie.com
2025-07-22T17:02:40Z,Apple Seeds Fourth Developer Betas of iOS 26 and iPadOS 26,"Apple today provided developers with the fourth betas of iOS 26 and iPadOS 26 for testing purposes, with the updates coming two weeks after Apple seeded the third betas.





Registered developers can download the new beta software using the Software Update s…","Apple today provided developers with the fourth betas of iOS 26 and iPadOS 26 for testing purposes, with the updates coming two weeks after Apple seeded the third betas.
Registered developers can do… [+1027 chars]",https://www.macrumors.com/2025/07/22/apple-seeds-ios-26-beta-4/,MacRumors
2025-07-22T17:02:33Z,Apple TV+ comedy ‘Loot’ to return for season three on October 15th,"Apple TV+ on Tuesday revealed that its comedy “Loot,” led by six-time Emmy Award-winning star and executive producer Maya Rudolph…
The post Apple TV+ comedy ‘Loot’ to return for season three on October 15th appeared first on MacDailyNews.","Maya Rudolph in Loot season three, premiering October 15 on Apple TV+.
Apple TV+ on Tuesday revealed that its comedy Loot, led by six-time Emmy Award-winning star and executive producer Maya Rudolph… [+3360 chars]",https://macdailynews.com/2025/07/22/apple-tv-comedy-loot-to-return-for-season-three-on-october-15th/,Macdailynews.com
2025-07-22T17:02:27Z,Apple releases iOS 26 beta 4 for iPhone,"Apple changed a few Liquid Glass elements in iOS 26 developer beta 3 and got a lot of online feedback. Now we’re on to iOS 26 beta 4, which will surely be compared under the microscope in as much detail in this season of change.



 more…","Apple changed a few Liquid Glass elements in iOS 26 developer beta 3 and got a lot of online feedback. Now we’re on to iOS 26 beta 4, which will surely be compared under the microscope in as much det… [+2152 chars]",https://9to5mac.com/2025/07/22/ios-26-beta-4/,9to5Mac
2025-07-22T17:02:22Z,iPadOS 26 beta 4 now available with latest iPad changes,"Apple has just released iPadOS 26 beta 4 to developers. Today’s release will likely also be the build that gets shipped as the public beta soon. Here’s what to expect.



 more…","Apple has just released iPadOS 26 beta 4 to developers. Todays release will likely also be the build that gets shipped as the public beta soon. Heres what to expect.
Just over two weeks ago, Apple s… [+1054 chars]",https://9to5mac.com/2025/07/22/ipados-26-beta-4-now-available-with-latest-ipad-changes/,9to5Mac
2025-07-22T17:02:19Z,iOS 26 Beta 4 Now Available With 9 New Features,iOS 26 beta 4 is now available and brings a number of new features to the iPhone as Apple continues to tweak the look and feel of Liquid Glass.,"A couple of weeks after releasing iOS 26 beta 3, Apple is now making beta 4 available to developers. This new build should continue to improve the general experience, stability, and battery drain pre… [+1417 chars]",https://www.bgr.com/1919057/ios-26-beta-4-new-features-download-now-available/,BGR
2025-07-22T17:01:00Z,"Apple Seeds Fourth watchOS 26, tvOS 26, and visionOS 26 Developer Betas","Apple today provided developers with the fourth betas of watchOS 26, tvOS 26, and visionOS 26 for testing purposes, with the betas coming two weeks after the third betas were released.





The software updates can be downloaded through the Settings app on ea…","Apple today provided developers with the fourth betas of watchOS 26, tvOS 26, and visionOS 26 for testing purposes, with the betas coming two weeks after the third betas were released.
The software … [+858 chars]",https://www.macrumors.com/2025/07/22/apple-seeds-watchos-26-beta-4/,MacRumors
2025-07-22T17:00:00Z,$16.5B Apple tax windfall will pay for new electricity and water infrastructure in Ireland,"With the last remaining part of the Apple tax windfall paid to the Irish government recently, we are today learning what the country plans to do with the €14.25B ($16.5B).



The country’s prime minister has promised “unprecedented” investment in the country’…","With the last remaining part of the Apple tax windfall paid to the Irish government recently, we are today learning what the country plans to do with the 14.25B ($16.5B).
The country’s prime ministe… [+2042 chars]",https://9to5mac.com/2025/07/22/16-5b-apple-tax-windfall-will-pay-for-new-electricity-and-water-infrastructure-in-ireland/,9to5Mac
2025-07-22T17:00:00Z,How to watch Colombia vs Bolivia in the USA: Live Stream and TV for CONMEBOL Women’s Copa America 2025,"Colombia face Bolivia in Matchday 4 of the CONMEBOL Women’s Copa America 2025 group stage. Fans in the U.S. can catch all the action live through full TV coverage and streaming platforms.
 Colombia return to action in Matchday 4 riding high from a 4-1 result …","Colombiareturn to action in Matchday 4 riding high from a 4-1 result over Paraguay, now sitting on four points with plenty on the line. With a decisive matchup against Braziljust ahead, the team is l… [+2086 chars]",https://worldsoccertalk.com/watch-on-us-tv/how-to-watch-colombia-vs-bolivia-in-the-usa-live-stream-and-tv-for-conmebol-womens-copa-america-2025/,Worldsoccertalk.com
2025-07-22T16:58:08Z,These die-hard New Yorkers dedicate their lives to showing tourists the best of the Big Apple — and they have no plans to stop,All aboard!,"All aboard! 
These die-hard New Yorkers have spent decades doing what most would find unthinkable showing tourists the sights of the Big Apple.
This year, Circle Line Cruises celebrates 80 years of… [+12075 chars]",https://nypost.com/2025/07/22/lifestyle/these-die-hard-new-yorkers-dedicate-their-lives-to-showing-tourists-the-best-of-the-big-apple-and-they-have-no-plans-to-stop/,New York Post
2025-07-22T16:56:00Z,Apple's iOS 26 and iPadOS 26 public betas are releasing any minute now: What to expect,"Wondering when you can try Apple's public betas for the iPhone, iPad, Apple Watch, and more? All the details - release date, eligibility, and how to get them - are here.","Elyse Betters Picaro / ZDNET
Apple held its Worldwide Developers Conference a month ago, during which it previewed the latest operating system upgrades across all of its devices, including iOS, iPad… [+4423 chars]",https://www.zdnet.com/article/apples-ios-26-and-ipados-26-public-betas-are-releasing-any-minute-now-what-to-expect/,ZDNet
2025-07-22T16:55:59Z,Steve Jobs’ daughter’s £5 million wedding set to dazzle with Elton John and VIP guest list,"Eve Jobs, daughter of Steve Jobs, is set to marry Harry Charles in a lavish, four-day Oxfordshire wedding. The celebration, estimated at £5 million, includes high-profile guests like Kamala Harris and a performance by Elton John. The event blends English eleg…","Eve Jobs, Apple co-founder Steve Jobs' youngest daughter, will marry British showjumper Harry Charles this weekend. Expect a lavish weekend-long celebration that includes top-tier security, private j… [+4813 chars]",https://economictimes.indiatimes.com/news/international/us/steve-jobs-daughters-5-million-wedding-set-to-dazzle-with-elton-john-and-vip-guest-list/articleshow/122841893.cms,The Times of India
2025-07-22T16:54:56Z,A slice of the apple,,Copyright © 2025 WorldNetDaily,https://www.wnd.com/2025/07/slice-apple/,Wnd.com
2025-07-22T16:52:54Z,‘Women Here Are Going to Have Access to Abortion’: How Gov. Maura Healey Made Massachusetts into a Beacon for Reproductive Freedom,"In the second episode of Looking Back, Moving Forward—a Ms. podcast exploring the history of the magazine and the feminist movement—Gov. Maura Healey talked about how Massachusetts prepared for the Trump administration’s attacks on abortion, what other states…","Gov. Maura Healey (D-Mass.) speaks at a Harris-Walz Fighting for Reproductive Freedom press conference at the Pennsylvania State Capitol in Harrisburg, Pa., on Sept. 18, 2024. (Nathan Morris / NurPho… [+13851 chars]",https://msmagazine.com/2025/07/22/women-abortion-massachusetts-governor-maura-healey/,Ms. Magazine
2025-07-22T16:51:47Z,EU antitrust regulators will reportedly approve Apple’s App Store changes,Apple may avoid punitive daily fines for breaching the European Union's (EU) Digital Markets Act as the bloc is set to approve the App Store changes.,"Apple may avoid punitive daily fines for breaching the European Union’s (EU) Digital Markets Act as the bloc is set to approve the App Store changes.
Reuters learned today that the European Commissi… [+2473 chars]",https://www.idownloadblog.com/2025/07/22/eu-antitrust-regulators-will-reportedly-approve-apples-app-store-changes/,Idownloadblog.com
2025-07-22T16:49:00Z,What CFOs Need To Know (And Often Don’t) About Company Workers,"Also in the Forbes CFO newsletter: CFOs are prepared, but concerned; markets defy tariff concerns and set records; Trump signs stablecoin regulations.","There arent many good things to have come out of the Covid-19 pandemic, but a new study of finance professionals from accounts payable software maker AvidXchange pinpoints one of them: Businesses inc… [+15820 chars]",https://www.forbes.com/sites/cfo/2025/07/22/what-cfos-need-to-know-and-often-dont-about-company-workers/,Forbes
2025-07-22T16:48:11Z,"Nvidia, Apple Partner Sets Up After 217% Surge; Custom Chip King Eyes AI Boom",is near a handle buy point of 168.31 in a very deep cup base. Shares have tripled since they started trading on the Nasdaq in September 2023 at an initial offering price of $51. Arm stock is Tuesday's selection for IBD 50 Stocks To Watch. Earnings growth acce…,is near a handle buy point of 168.31 in a very deep cup base. Shares have tripled since they started trading on the Nasdaq in September 2023 at an initial offering price of $51. Arm stock is Tuesday'… [+149 chars],https://biztoc.com/x/6d8227d9efa563d2,Biztoc.com
2025-07-22T16:48:03Z,"‘Fantastic Four: First Steps’ review: Ugh, here we go again","“Fantastic Four”? Forgettable, 1 ½.","movie reviewRunning time: 115 minutes. Rated PG-13 (action/violence and some language). In theaters July 25.
Calling Fantastic Four: First Steps the best Fantastic Four movie so far is not exactly a… [+4321 chars]",https://nypost.com/2025/07/22/entertainment/fantastic-four-first-steps-review-ugh-here-we-go-again/,New York Post
2025-07-22T16:47:25Z,"Apple's Latest App Store Changes Satisfy EU, No More Fines Coming","The European Union is set to accept the June updates that Apple made to its App Store to comply with the Digital Markets Act, reports Reuters. As a result, Apple will not face daily fines for non-compliance.





Apple changed its ‌App Store‌ fee setup and re…","The European Union is set to accept the June updates that Apple made to its App Store to comply with the Digital Markets Act, reports Reuters. As a result, Apple will not face daily fines for non-com… [+2474 chars]",https://www.macrumors.com/2025/07/22/app-store-eu-changes-accepted/,MacRumors
2025-07-22T16:42:34Z,App Store changes should avoid further EU fines,"A new report says that the European Union is now likely to approve the App Store changes that Apple has made, and so not impose the threatened daily fines for noncompliance.Brussels officials reportedly say the EU will accept App Store changes — image credit:…","A new report says that the European Union is now likely to approve the App Store changes that Apple has made, and so not impose the threatened daily fines for noncompliance.
Apple has recently been … [+2430 chars]",https://appleinsider.com/articles/25/07/22/app-store-changes-should-avoid-further-eu-fines,AppleInsider
2025-07-22T16:42:32Z,UGREEN debuts new 3-in-1 Qi2-certified MagSafe wireless travel charger with fold out Apple Watch puck [Launch deal],"UGREEN already has some of the most affordable and unique wireless chargers on the market, and it just added another one to its lineup. After announcing the world’s first Qi2.2-certified 25W power bank, the brand just unleashed a new 3-in-1 Qi2-certified MagS…","UGREEN already has some of the most affordable and unique wireless chargers on the market, and it just added another one to its lineup. After announcing the worlds first Qi2.2-certified 25W power ban… [+2497 chars]",http://9to5toys.com/2025/07/22/ugreen-3-in-1-qi2-certified-magsafe-wireless-travel-charger/,9to5Toys
2025-07-22T16:39:33Z,NYC Mayor Says He Will ‘Welcome’ Help Arresting ‘Dangerous’ Criminal Illegal Aliens,"New York City Mayor Eric Adams says he will “welcome” the help of border czar Tom Homan to arrest criminal illegal aliens like the ones... Read More
The post NYC Mayor Says He Will ‘Welcome’ Help Arresting ‘Dangerous’ Criminal Illegal Aliens   appeared first …",New York City Mayor Eric Adams says he will welcome the help of border czar Tom Homan to arrest criminal illegal aliens like the ones who attacked a Customs and Border Protection officer in the city … [+4140 chars],https://www.dailysignal.com/2025/07/22/nyc-mayor-says-he-will-welcome-help-arresting-dangerous-criminal-illegal-aliens/,Daily Signal
2025-07-22T16:39:24Z,"Apple set to stave off daily fines, EU to accept App Store changes, sources say","The company last month said developers will pay a 20% processing fee for purchases made via the App Store, though the fees could go as low as 13% for Apple's small-business program.","Apple's changes to its App Store rules and fees will likely secure the green light from EU antitrust regulators, people with direct knowledge of the matter said, a move that would stave off potential… [+1271 chars]",https://economictimes.indiatimes.com/tech/technology/apple-set-to-stave-off-daily-fines-eu-to-accept-app-store-changes-sources-say/articleshow/122841861.cms,The Times of India
2025-07-22T16:37:43Z,Roku 65-Inch Pro Series Mini-LED TV (2025),"Roku's 2025 Pro Series TV gets a bit brighter than its predecessor while still offering wide colors and a very accessible, media-focused viewing experience for a reasonable price.
Roku’s 2025 Pro Series is the company’s newest top-of-the-line mini-LED TV, off…","Rokus 2025 Pro Series is the companys newest top-of-the-line mini-LED TV, offering a bright and colorful picture, responsive gaming performance, hands-free voice control, Apple AirPlay support, and e… [+7993 chars]",https://me.pcmag.com/en/tvs/31084/roku-65-inch-pro-series-mini-led-tv-2025,PCMag.com
2025-07-22T16:37:43Z,Roku 65-Inch Pro Series Mini-LED TV (2025),"Roku's 2025 Pro Series TV gets a bit brighter than its predecessor while still offering wide colors and a very accessible, media-focused viewing experience for a reasonable price.
Roku’s 2025 Pro Series is the company’s newest top-of-the-line mini-LED TV, off…","Rokus 2025 Pro Series is the companys newest top-of-the-line mini-LED TV, offering a bright and colorful picture, responsive gaming performance, hands-free voice control, Apple AirPlay support, and e… [+7993 chars]",https://uk.pcmag.com/tvs/159244/roku-65-inch-pro-series-mini-led-tv-2025,PCMag.com
2025-07-22T16:37:26Z,"Analysts Stay Positive Ahead of Earnings, But AI Clarity Still Needed","In This Article:
Apple Inc. (NASDAQ:AAPL) is one of the AI Stocks Analysts Are Tracking Closely. On July 21, Morgan Stanley reiterated the stock as “Overweight,” noting that it’s sticking with Apple shares ahead of a solid quarter.
The firm believes that stro…","In This Article:Apple Inc. (NASDAQ:AAPL) is one of the AI Stocks Analysts Are Tracking Closely. On July 21, Morgan Stanley reiterated the stock as Overweight, noting that its sticking with Apple shar… [+145 chars]",https://biztoc.com/x/8b8cd4f4d8d47f52,Biztoc.com
2025-07-22T16:37:09Z,Pepsi reveals new drink after buying soda brand Poppi for $2 billion,Pepsi Co said it was launching the product to adapt to ‘changing consumer preferences’,"Your support helps us to tell the story
From reproductive rights to climate change to Big Tech, The Independent is on the ground when the story is developing. Whether it's investigating the financia… [+3015 chars]",https://www.the-independent.com/life-style/food-and-drink/news/pepsi-reveals-new-drink-poppi-b2793867.html,The-independent.com
2025-07-22T16:36:04Z,‘Mission: Impossible – The Final Reckoning’ Gets Streaming Date,Tom Cruise’s “Mission: Impossible – The Final Reckoning’ is coming soon to digital streaming. Find out when you can watch the movie at home.,"Tom Cruise and Esai Morales in ""Mission: More
 Impossible - The Final Reckoning.""Less
Paramount Pictures
Tom Cruises action blockbuster Mission: Impossible The Final Reckoning is coming soon to di… [+4286 chars]",https://www.forbes.com/sites/timlammers/2025/07/22/mission-impossible--the-final-reckoning-gets-streaming-date/,Forbes
2025-07-22T16:32:55Z,'Pokemon' joins the daily puzzle craze with new iPhone game,"A new free iPhone game called ""Pokemon Friends"" brings yet another daily puzzle game to iPhone with plush collecting charm.New Pokemon gameAvailable now on the App Store, Pokemon Friends joins the growing wave of daily puzzle games that encourage regular play…","A new free iPhone game called ""Pokemon Friends"" brings yet another daily puzzle game to iPhone with plush collecting charm.
Available now on the App Store, Pokemon Friends joins the growing wave of … [+1626 chars]",https://appleinsider.com/articles/25/07/22/pokemon-joins-the-daily-puzzle-craze-with-new-iphone-game,AppleInsider
2025-07-22T16:31:21Z,Poppi Founder Allison Ellsworth on Selling Her $500 Million Brand: 'You're Happy But You Have Anxiety',"""You’re happy but you have anxiety,"" said Allison Ellsworth, reflecting with Fortune on PepsiCo's $1.95 billion acquisition of the neon-canned prebiotic soda...","""Youre happy but you have anxiety,"" said Allison Ellsworth, reflecting with Fortune on PepsiCo's $1.95 billion acquisition of the neon-canned prebiotic soda she once brewed at home. The comment summe… [+3490 chars]",https://finance.yahoo.com/news/poppi-founder-allison-ellsworth-selling-163121802.html,Yahoo Entertainment
2025-07-22T16:30:17Z,How to get clear app icons on your iPhone or iPad Home Screen,"Learn how to use clear, transparent app icons in iOS 26 that complement the Liquid Glass design and add a unique look to your iPhone Home Screen.","Learn how to turn on Apple’s new Clear style on the Home Screen for transparent app icons, complementing the Liquid Glass design overhaul in iOS 26.
With last years iOS 18 update, Apple brought Dark… [+3068 chars]",https://www.idownloadblog.com/2025/07/22/how-to-use-clear-app-icons-iphone/,Idownloadblog.com
2025-07-22T16:30:00Z,"Galaxy Watch Ultra Gets Wear OS 6 and One UI 8: Health, Smarts, and Style",Samsung's Galaxy Watch Ultra receives Wear OS 6 and One UI 8 Watch globally this week. The flagship adventure wearable gains enhanced health monitoring,"Samsung's Galaxy Watch Ultra receives Wear OS 6 and One UI 8 Watch globally this week. The flagship adventure wearable gains enhanced health monitoring capabilities, smarter interface features, and e… [+3501 chars]",https://www.talkandroid.com/512419-samsung-galaxy-watch-ultra-one-ui-8/,TalkAndroid
2025-07-22T16:30:00Z,DeWanda Wise Signs With Range Media Partners,"EXCLUSIVE: Range Media Partners has signed actor and filmmaker DeWanda Wise for representation. Breaking out with her starring role in Netflix’s series adaptation of Spike Lee’s She’s Gotta Have It, Wise has most recently been seen opposite Alexander Skarsgår…","EXCLUSIVE: Range Media Partners has signed actor and filmmaker DeWanda Wise for representation.
Breaking out with her starring role in Netflix’s series adaptation of Spike Lee’s She’s Gotta Have It,… [+1667 chars]",http://deadline.com/2025/07/dewanda-wise-signs-range-media-partners-1236463862/,Deadline
2025-07-22T16:27:06Z,It Appears that Apple may be able to stave off daily fines as EU antitrust regulators are expected to accept Apple’s App Store changes,It’s being reported this morning in an exclusive report from Reuters that the changes that Apple made to its App Store rules and fees will likely secure the green light from EU antitrust regulators,"Its being reported this morning in an exclusive report from Reuters that the changes that Apple made to its App Store rules and fees will likely secure the green light from EU antitrust regulators, p… [+1229 chars]",https://www.patentlyapple.com/2025/07/it-appears-that-apple-may-be-able-to-stave-off-daily-fines-as-eu-antitrust-regulators-are-expected-to-accept-apples-app-st.html,Patently Apple
2025-07-22T16:26:50Z,Apple Alerted Dozens of Iranians Targeted by Sophisticated Spyware Attacks,"Apple has quietly been sending threat notifications to users it believes are being targeted by advanced cyberattacks. In the first half of 2025, more than a dozen Iranians received these alerts, including government officials, tech workers, and dissidents, ac…","Apple has quietly been sending threat notifications to users it believes are being targeted by advanced cyberattacks. In the first half of 2025, more than a dozen Iranians received these alerts, incl… [+2013 chars]",https://www.macobserver.com/news/apple-alerted-dozens-of-iranians-targeted-by-sophisticated-spyware-attacks/,The Mac Observer
2025-07-22T16:22:00Z,Huawei Pura 80 slated for imminent launch with new version of last-gen silicon,"Even Huawei seems to concede that its next new smartphone will be a much less aspirational version of the Pura 80 Ultra in its new teasers. The vanilla 80 is backed to launch with the latest version of the OEM's HarmonyOS and an on-trend flat display, but lac…","Huawei introduced successors to the Pura 70 Ultra and Pro+ in the absence of those for their 70 Pro and 70 siblings earlier in 2025. The latter will be introduced seemingly all by itself very soon, t… [+1370 chars]",https://www.notebookcheck.net/Huawei-Pura-80-slated-for-imminent-launch-with-new-version-of-last-gen-silicon.1064980.0.html,Notebookcheck.net
2025-07-22T16:21:47Z,M5 iPad Pro Rumor Hints at Dual Front Cameras: Here's What They Might Be For,"Apple is reportedly planning to add another front-facing camera to the iPad Pro for better portrait mode results. But would Apple really add extra hardware just for that?
The M5 iPad Pro is expected later this year, and it might come with two front-facing cam…","The M5 iPad Pro is expected later this year, and it might come with two front-facing cameras.
As Bloomberg's Mark Gurman reports, the iPad Pro underwent a major design change last year, when Apple m… [+1631 chars]",https://uk.pcmag.com/tablets/159243/m5-ipad-pro-rumor-hints-at-dual-front-cameras-heres-what-they-might-be-for,PCMag.com
2025-07-22T16:21:47Z,M5 iPad Pro Rumor Hints at Dual Front Cameras: Here's What They Might Be For,"Apple is reportedly planning to add another front-facing camera to the iPad Pro for better portrait mode results. But would Apple really add extra hardware just for that?
The M5 iPad Pro is expected later this year, and it might come with two front-facing cam…","The M5 iPad Pro is expected later this year, and it might come with two front-facing cameras.
As Bloomberg's Mark Gurman reports, the iPad Pro underwent a major design change last year, when Apple m… [+1631 chars]",https://me.pcmag.com/en/tablets/31083/m5-ipad-pro-rumor-hints-at-dual-front-cameras-heres-what-they-might-be-for,PCMag.com
2025-07-22T16:19:02Z,This under-desk treadmill is a “gamechanger” — pick it up for over $150 off,Run - don't walk – to pick up this great treadmill deal on Amazon!,"New York Post may be compensated and/or receive an affiliate commission if you click or buy through our links. Featured pricing is subject to change.
Remember the 90s?
We do! Way back then, they pu… [+1905 chars]",https://nypost.com/2025/07/22/shopping/trailviber-walking-pad-treadmill-deal-amazon/,New York Post
2025-07-22T16:14:50Z,"Apple (AAPL) Analysts Stay Positive Ahead of Earnings, But AI Clarity Still Needed",,"If you click 'Accept all', we and our partners, including 236 who are part of the IAB Transparency &amp; Consent Framework, will also store and/or access information on a device (in other words, use … [+714 chars]",https://consent.yahoo.com/v2/collectConsent?sessionId=1_cc-session_88ab5ecf-1f31-4253-bb21-120e3538c311,Yahoo Entertainment
2025-07-22T16:14:39Z,"OpenAI faces an ‘increasingly fragile moat,’ JPMorgan says, as Sam Altman braces for ‘OS war’ against Google, Apple and other Silicon Valley titans","OpenAI is the world’s third-most-valuable private company—valued at $300 billion in its latest fundraise in March 2025, and it’s “marching to the beat of its own disruption drum,” according to JPMorgan. At the same time, the bank warns, the risks to the compa…","OpenAI is the worlds third-most-valuable private companyvalued at $300 billion in its latest fundraise in March 2025, and its marching to the beat of its own disruption drum, according to JPMorgan. A… [+134 chars]",https://biztoc.com/x/40880a5bca570a29,Biztoc.com
2025-07-22T16:13:00Z,"Jackbox Reveals ""Hear Say,"" A Party Pack 11 Game Where Your Voice Is the Star",Speaking out,"Get ready to make some noise. Jackbox Games has just unveiled the fourth game in The Jackbox Party Pack 11: Hear Say! Watch the reveal trailer here.
In Hear Say, your voice takes center stage. Playe… [+1511 chars]",https://gonintendo.com/contents/50984-jackbox-reveals-hear-say-a-party-pack-11-game-where-your-voice-is-the-star,GoNintendo
2025-07-22T16:12:38Z,I’ve Tested Dozens of Budget Headphones—Here’s What You Should Never Compromise On,Saving money and a good listening experience aren't mutually exclusive.,"Good tech doesn't need to cost a lot of money, and in particular, you can get plenty of amazing headphones without burning a hole in your pocket. But while some aspects aren't deal-breakers, you shou… [+5183 chars]",https://www.makeuseof.com/budget-headphone-buying-tips/,MakeUseOf
2025-07-22T16:12:00Z,The Computer History Museum’s Vintage Computer Festival: August 1–2,"Come and explore an extraordinary showcase of historical computers, from pristine originals to ingenious modern hacks. Computer enthusiasts around the world look forward to the annual Vintage Computer Festival. Experience hands-on demos of historical systems …","Come and explore an extraordinary showcase of historical computers, from pristine originals to ingenious modern hacks. Computer enthusiasts around the world look forward to the annual Vintage Compute… [+899 chars]",https://computerhistory.org/events/vintage-computer-festival-3/,Computerhistory.org
2025-07-22T16:05:00Z,Adi Azran Joins the Urban Pitch Podcast,"One of the funniest soccer creators in the game, Adi Azran sits down with the Urban Pitch Podcast crew to discuss his complicated relationship with soccer, the difficulties of going pro, and his favor...","One of the funniest soccer creators in the game, Adi Azran sits down with the Urban Pitch Podcast crew to discuss his complicated relationship with soccer, the difficulties of going pro, and his favo… [+624 chars]",https://urbanpitch.com/adi-azran-joins-the-urban-pitch-podcast/,Urbanpitch.com
2025-07-22T16:05:00Z,"The Fantastic Four: First Steps review: Marvel has been bland before, but rarely this lethargic","Different Earth, same old problems. Kevin Feige, the excitable head of cinema’s noisiest blockbuster ­factory, has declared The ­Fantastic Four: First Steps a “no-homework-required movie”.","Different Earth, same old problems. Kevin Feige, the excitable head of cinemas noisiest blockbuster ­factory, has declared The ­Fantastic Four: First Steps a no-homework-required movie. Hardly the ca… [+4074 chars]",https://www.independent.ie/entertainment/movies/movie-reviews/the-fantastic-four-first-steps-review-marvel-has-been-bland-before-but-rarely-this-lethargic/a1334563962.html,Independent.ie
2025-07-22T16:04:16Z,"Apple TV+ has Released the Trailer for Season Three of the Comedy ‘Loot,’ Celebrated the Premiere of ‘Chief of War’ & more","Today, Apple TV+ revealed that its celebrated comedy “Loot,” led by six-time Emmy Award-winning star and executive producer Maya Rudolph, is officially set to return this fall.","Today, Apple TV+ revealed that its celebrated comedy Loot, led by six-time Emmy Award-winning star and executive producer Maya Rudolph, is officially set to return this fall. The 10-episode third sea… [+1905 chars]",https://www.patentlyapple.com/2025/07/apple-tv-has-released-the-trailer-for-season-three-of-the-comedy-loot-celebrated-the-premiere-of-chief-of-war.html,Patently Apple
2025-07-22T16:03:34Z,Samsung Brings One UI 8 Watch to Galaxy Watch Ultra,"Today, Samsung announced the availability of One UI 8 Watch for the one wearable it's not updating internally, the Galaxy Watch Ultra.
The post Samsung Brings One UI 8 Watch to Galaxy Watch Ultra appeared first on Thurrott.com.","Samsung is launching its new Galaxy Watch 8 lineup with One UI 8 Watch alongside the Galaxy Z Fold7 and Z Flip7 foldables. Today, Samsung announced the availability of One UI 8 Watch for the one wear… [+1821 chars]",https://www.thurrott.com/wearables/323653/samsung-brings-one-ui-8-watch-to-galaxy-watch-ultra,Thurrott.com
2025-07-22T16:03:17Z,Apple working on edge-lit notification system for Apple Ring & more,"New research from Apple shows that it is looking at how to make an Apple Ring display a notification — and then how that same system can be used across practically every device.It could be Ringworld, but it looks more like a ring — image credit: ApplePractica…","New research from Apple shows that it is looking at how to make an Apple Ring display a notification — and then how that same system can be used across practically every device.
Practically all of t… [+4426 chars]",https://appleinsider.com/articles/25/07/22/apple-working-on-edge-lit-notification-system-for-apple-ring-more,AppleInsider
2025-07-22T16:02:48Z,Exclusive: Official Google Pixel 10 Pro XL Renders,"The Google Pixel 10 series launch is just around the corner, and today we're able to share with you the official renders of the Pixel 10 Pro XL. We've","The Google Pixel 10 series launch is just around the corner, and today were able to share with you the official renders of the Pixel 10 Pro XL. Weve already shared the renders for the Pixel 10 and Pi… [+1441 chars]",https://www.androidheadlines.com/google-pixel-10-pro-xl-official-renders,Android Headlines
2025-07-22T16:00:49Z,Walmart Ad Deals: 7/21-7/27,"Here is a list of the deals from the current Walmart ad! Get good deals on Aveeno products, Tylenol, Happy Baby formula, Pampers diapers, and more. For Walmart cash deals, you’ll be able to use your earnings on your very next Walmart purchase. You can earn th…","Here is a list of the deals from the current Walmart ad! Get good deals on Aveeno products, Tylenol, Happy Baby formula, Pampers diapers, and more.
For Walmart cash deals, youll be able to use your … [+20985 chars]",https://www.southernsavers.com/walmart-ad-deals-721-727-2/,Southernsavers.com
2025-07-22T16:00:41Z,"OpenAI faces an ‘increasingly fragile moat,’ JPMorgan says, as Sam Altman braces for ‘OS war’ against Google, Apple and other Silicon Valley titans","OpenAI has a $700 billion-plus total addressable market ahead of it, JPMorgan says as it takes the rare step of covering a private company.","OpenAI is the worlds third-most-valuable private companyvalued at $300 billion in its latest fundraise in March 2025, and its marching to the beat of its own disruption drum, according to JPMorgan. A… [+8977 chars]",https://fortune.com/2025/07/22/openai-os-war-microsoft-google-apple-platforms-jpmorgan-coverage/,Fortune
2025-07-22T16:00:41Z,"OpenAI faces an ‘increasingly fragile moat,’ JPMorgan says, as Sam Altman braces for ‘OS war’ against Google, Apple and other Silicon Valley titans","OpenAI has a $700 billion-plus total addressable market ahead of it, JPMorgan says as it takes the rare step of covering a private company.","OpenAI is the worlds third-most-valuable private companyvalued at $300 billion in its latest fundraise in March 2025, and its marching to the beat of its own disruption drum, according to JPMorgan. A… [+9057 chars]",https://finance.yahoo.com/news/openai-faces-increasingly-fragile-moat-160041084.html,Yahoo Entertainment
2025-07-22T16:00:22Z,"‘The Fantastic Four: First Steps’ Isn’t Quite Fantastic, But It’s Pretty Great","Pedro Pascal, Vanessa Kirby, Ebon Moss-Bachrach, and Joseph Quinn star in Marvel's latest, out July 25.","The Fantastic Four: First Steps is like an ice-cold drink on a warm summer’s day. A slice of apple pie with a glass of milk. It’s a nice, simple, familiar-feeling movie that will make you feel warm a… [+5874 chars]",https://gizmodo.com/fantastic-four-first-steps-review-marvel-2000632408,Gizmodo.com
2025-07-22T16:00:20Z,Faster wireless charging: Baseus’s new Qi2.2 Chargers boost speed to 25W,This article is sponsored by Baseus.,"This article is sponsored by Baseus. Product choices and opinions expressed are from the sponsor and do not reflect the views of XDA editorial staff.
While several brands have quietly secured Qi2.2 … [+6275 chars]",https://www.xda-developers.com/faster-wireless-charging-baseus-qi22-charger/,XDA Developers
2025-07-22T16:00:00Z,‘The Buccaneers’ Exclusive Clip: Is It “Unforgivable” That Theo Still Misses Lizzie?!,Get a sneak peek at where things stand between the Duke of Tintagel and his new love in this week's episode of The Buccaneers.,"Perhaps the juiciest storyline to emerge from The Buccaneers Season 2 is the wild romance that’s developed between Theo, Duke of Tintagel (Guy Remmers), and Lizzie Elmsworth (Aubri Ibrag). Theo spent… [+1798 chars]",https://decider.com/2025/07/22/the-buccaneers-season-2-episode-6-exclusive-clip-theo-lizzie/,Decider
2025-07-22T16:00:00Z,I just tested the first cheap AirPods rival that I didn’t prefer to Apple’s earbuds,"The Denon AH-C500W come at a surprising price, undercutting Apple’s AirPods – but not by enough to make them must-buy rivals","Why you can trust TechRadar
We spend hours testing every product or service we review, so you can be sure you’re buying the best. Find out more about how we test.Denon AH-C500W: Two-minute review
I… [+15677 chars]",https://www.techradar.com/audio/earbuds-airpods/denon-ah-c500w-review,TechRadar
2025-07-22T16:00:00Z,The Fantastic Four: First Steps Finally Gives Marvel's Oldest Team Some Respect,"'The Fantastic Four: First Steps' brings Pedro Pascal, Vanessa Kirby, Ebon Moss-Bachrach, and Joseph Quinn to the screen as Marvel's oldest team—and it's good.","ISN'T IT ABOUT time we got a good Fantastic Four movie? While Marvel's most famous quartet have been among the publisher's signature heroes since their debut in November 1961's The Fantastic Four #1,… [+6964 chars]",https://www.menshealth.com/entertainment/a65475639/fantastic-four-first-steps-mcu-review/,menshealth.com
2025-07-22T15:59:44Z,Report: EU set to accept Apple’s latest App Store rules under the DMA,"Last month, Apple announced another set of major changes to the App Store in the European Union, as part of its ongoing back-and-forth with regulators about the Digital Markets Act. 



According to a new report from Reuters, Apple’s latest changes just might…","Last month, Apple announced another set of major changes to the App Store in the European Union, as part of its ongoing back-and-forth with regulators about the Digital Markets Act. 
According to a … [+1675 chars]",https://9to5mac.com/2025/07/22/report-eu-set-to-accept-apples-latest-app-store-rules-under-the-dma/,9to5Mac
2025-07-22T15:59:29Z,"Apple set to stave off daily fines, EU to accept App Store changes",Apple made the changes after the EU antitrust enforcer handed it a €500 million fine in April,"Apples changes to its App Store rules and fees will likely secure the green light from EU antitrust regulators, people with direct knowledge of the matter said, a move that would stave off potentiall… [+1332 chars]",https://www.irishtimes.com/business/2025/07/22/apple-set-to-stave-off-daily-fines-eu-to-accept-app-store-changes/,The Irish Times
2025-07-22T15:57:56Z,How Trump is making America hungrier,"One of the most far-reaching cuts to federal programs in President Donald Trump’s “big, beautiful bill” is a provision that will largely shift the cost of the Supplemental Nutrition Assistance Program (SNAP) to the states. Until now, the federal government ha…","The Congressional Budget Office estimates more than 3 million people in the United States will likely be dropped from the accessing SNAP benefits. | Scott Heins/Getty Images


One of the most far-re… [+8416 chars]",https://www.vox.com/today-explained-podcast/420613/trump-snap-benefits-cut-hunger,Vox
2025-07-22T15:57:49Z,Disney Reveals Details Of The Live Action ‘Lilo & Stitch’ 4K Blu-Ray Release,"Steelbook packaging, Dolby Vision video and a solid selection of extra features ahoy.","With its live-action remake of Lilo &amp; Stitch recently pushing past a $1 billion take at the global box office, Disney has decided the time is right to announce details of its box office smashs 4K… [+3672 chars]",https://www.forbes.com/sites/johnarcher/2025/07/22/disney-reveals-details-of-the-live-action-lilo--stitch-4k-blu-ray-release/,Forbes
2025-07-22T15:57:00Z,Report: Hakeem Jeffries Thinks Democrats Will Miss Shot to Retake House Majority Because of Socialist Zohran Mamdani,"Mark Halperin claims House Democrat Leader Hakeem Jeffries ""strongly believes"" that if socialist Zohran Mamdani becomes the next mayor of NYC, Democrats cannot win back the House majority.
The post Report: Hakeem Jeffries Thinks Democrats Will Miss Shot to Re…","Mark Halperin claimed House Democrat Leader Hakeem Jeffries (D-NY) “strongly believes” that if socialist Zohran Mamdani becomes the next mayor of New York City, Democrats cannot win back the House ma… [+1770 chars]",https://www.breitbart.com/politics/2025/07/22/report-hakeem-jeffries-thinks-democrats-will-miss-shot-retake-house-majority-because-socialist-zohran-mamdani/,Breitbart News
2025-07-22T15:55:40Z,MeitY consults ministries amidst China’s ‘choking’ of India’s tech supply chain,"China commands over 90% share of global production and processing of rare earth elements and critical minerals – essential for EVs, automobiles, smartphones and other electronics.","Addressing the Indian industrys concerns about China restricting import of capital equipment and critical minerals, the Ministry of Electronics and Information Technology (MeitY) is organising inter-… [+2758 chars]",https://www.thehindubusinessline.com/economy/meity-consults-ministries-amidst-chinas-choking-of-indias-tech-supply-chain/article69842950.ece,BusinessLine
2025-07-22T15:54:02Z,Apple starts selling its products directly in Saudi Arabia,"Apple has officially landed in Saudi Arabia. Not that its products hadn't been available over there so far, but now the company has opened its official online store in the country. You can also use the Apple Store app in Saudi Arabia, and both support the Ara…","Apple has officially landed in Saudi Arabia. Not that its products hadn't been available over there so far, but now the company has opened its official online store in the country. You can also use t… [+1289 chars]",https://www.gsmarena.com/apple_starts_selling_its_products_directly_in_saudi_arabia-news-68724.php,GSMArena.com
2025-07-22T15:53:19Z,This Is Spinal Tap Now Available in 4K Ultra HD,"The digital version is out now, with the physical release following on September 16th.
This Is Spinal Tap Now Available in 4K Ultra HD
Eddie Fu","A new 4K Ultra HD restoration of Rob Reiner’s classic 1984 mockumentary, This Is Spinal Tap, is now available to purchase on digital platforms, with the physical release following on September 16th.… [+615 chars]",https://consequence.net/2025/07/this-is-spinal-tap-4k-ultra-hd/,Consequence.net
2025-07-22T15:52:33Z,"Exclusive-Apple set to stave off daily fines, EU to accept App Store changes, sources say","In This Article:
By Foo Yun Chee
BRUSSELS (Reuters) -Apple's changes to its App Store rules and fees will likely secure the green light from EU antitrust regulators, people with direct knowledge of the matter said, a move that would stave off potentially heft…","In This Article:By Foo Yun CheeBRUSSELS (Reuters) -Apple's changes to its App Store rules and fees will likely secure the green light from EU antitrust regulators, people with direct knowledge of the… [+149 chars]",https://biztoc.com/x/8de760d45dfe824e,Biztoc.com
2025-07-22T15:51:53Z,This 1440p OLED gaming monitor is now cheaper than it was on Prime Day,"When it comes to PCWorld’s Amazon Prime Day coverage, it’s my job to handle the monitor segment—and this year, it didn’t escape my notice that, despite a general downward trend in OLED prices, the cheapest one during Prime Day was about 20 percent more expens…","Skip to contentType your search and hit enter
When you purchase through links in our articles, we may earn a small commission. This doesn't affect our editorial independence
.
When it comes to PCW… [+1973 chars]",https://www.pcworld.com/article/2855492/this-1440p-oled-gaming-monitor-is-now-cheaper-than-it-was-on-prime-day.html,PCWorld
2025-07-22T15:51:53Z,Score this 1440p OLED gaming monitor for an absurdly cheap $428,"When it comes to PCWorld’s Amazon Prime Day coverage, it’s my job to handle the monitor segment—and this year, it didn’t escape my notice that, despite a general downward trend in OLED prices, the cheapest one during Prime Day was about 20 percent more expens…","Skip to contentType your search and hit enter
When you purchase through links in our articles, we may earn a small commission. This doesn't affect our editorial independence
.
When it comes to PCW… [+1973 chars]",https://www.pcworld.com/article/2855492/score-this-1440p-oled-gaming-monitor-for-an-absurdly-cheap-428.html,PCWorld
2025-07-22T15:51:53Z,Apple offers new game aimed at Wordle fans,"One of the few bright spots to come out of the pandemic was Wordle, the daily word puzzle created by software engineer Josh Wardle. 
He originally made the game in 2021 as a gift for his partner, Palak Shah. After sharing it with friends and family, it quickl…","One of the few bright spots to come out of the pandemic was Wordle, the daily word puzzle created by software engineer Josh Wardle. He originally made the game in 2021 as a gift for his partner, Pala… [+141 chars]",https://biztoc.com/x/05d9bafb1d0b602e,Biztoc.com
2025-07-22T15:51:04Z,Apple's AI team grew fast but it probably won't shrink as quickly,"Apple's foundational models team is key to the company's artificial intelligence efforts, but while the rapidly-formed group has endured managerial turmoil, it's not necessarily going to lose all of its main members.The type of question Apple promises Siri wi…","Apple's foundational models team is key to the company's artificial intelligence efforts, but while the rapidly-formed group has endured managerial turmoil, it's not necessarily going to lose all of … [+5355 chars]",https://appleinsider.com/articles/25/07/22/apples-ai-team-grew-fast-but-it-probably-wont-shrink-as-quickly,AppleInsider
2025-07-22T15:50:33Z,Apple avoids huge daily fines as EU accepts App Store policy changes,"Apple’s revised App Store rules and fees are expected to gain approval from EU antitrust regulators, according to sources…
The post Apple avoids huge daily fines as EU accepts App Store policy changes appeared first on MacDailyNews.","Apples revised App Store rules and fees are expected to gain approval from EU antitrust regulators, according to sources with direct knowledge, a move that would prevent substantial daily fines for t… [+1340 chars]",https://macdailynews.com/2025/07/22/apple-avoids-huge-daily-fines-as-eu-accepts-app-store-policy-changes/,Macdailynews.com
2025-07-22T15:49:22Z,‘Ted Lasso’ Makes Triumphant Return: Season 4 Production Begins with Fresh Faces and Familiar Hearts,"The beloved Apple TV+ comedy that captured hearts worldwide is officially back in production, as ‘Ted Lasso’ Season 4 commences filming with an exciting blend of returning favorites and promising newcomers.Jason Sudeikis leads the charge once again as the opt…","The beloved Apple TV+ comedy that captured hearts worldwide is officially back in production, as ‘Ted Lasso’ Season 4 commences filming with an exciting blend of returning favorites and promising new… [+3400 chars]",https://anglotopia.net/brit-tv/ted-lasso-makes-triumphant-return-season-4-production-begins-with-fresh-faces-and-familiar-hearts/,Anglotopia.net
2025-07-22T15:48:30Z,MLB Insider Suggests Mets Pair Edwin Diaz With Emmanuel Clase,"The New York Mets could be one of the more aggressive buyers at the trade deadline, and it might result in a huge trade with the Cleveland Guardians.","The New York Mets need to add pitching ahead of the trade deadline, plain and simple.
Their pitching staff hasn't been good enough to win a World Series, which is the ultimate goal, especially after… [+1961 chars]",https://www.newsweek.com/sports/mlb/mlb-insider-suggests-mets-pair-edwin-diaz-emmanuel-clase-2102451,Newsweek
2025-07-22T15:47:00Z,T-Mobile Is Bringing Starlink to Your Phone Tomorrow. See If You’ll Get It For Free,Are dead zones a thing of the past? T-Mobile and Starlink's new satellite cell service thinks so. Here’s what you need to know.,"Going off-grid might soon be a thing of the past, as T-Mobile’s partnership with SpaceX’s Starlink satellite internet service gets ready to launch on July 23. The direct-to-cell messaging service, ca… [+7411 chars]",https://www.cnet.com/tech/mobile/t-mobile-is-bringing-starlink-to-your-phone-tomorrow-see-if-youll-get-it-for-free/,CNET
2025-07-22T15:47:00Z,"It's Wise to Wash All Produce, but These 12 Fruits and Veggies Are the Dirtiest","Most produce arrives to your home safe for consumption, according to the USDA, but washing these 12 types of fruits and vegetables is still a good idea.","Cleaning your fridge and freezer is important to do every so often, but what about the food sitting inside it? Specifically, that bottom drawer, where fruits and veggies go to retire. Even the health… [+4801 chars]",https://www.cnet.com/home/kitchen-and-household/its-wise-to-wash-all-produce-but-these-12-fruits-and-veggies-are-the-dirtiest/,CNET
2025-07-22T15:45:38Z,"Deals: M3 iPad Air all-time low at $250 off, 24GB MacBook Air $180 off, Mac mini, and more",Today’s 9to5Toys Lunch Break deals are starting with a new Amazon all-time low on the 1TB M3 iPad Air – the 11-inch Cell model is now just shy of $250 off to deliver the lowest price we have tracked to date. From there we move over to a couple Mac models that…,Todays 9to5Toys Lunch Break deals are starting with a new Amazon all-time low on the 1TB M3 iPad Air the 11-inch Cell model is now just shy of $250 off to deliver the lowest price we have tracked to … [+6620 chars],https://9to5mac.com/2025/07/22/deals-m3-ipad-air-24gb-macbook-air-mac-mini/,9to5Mac
2025-07-22T15:45:00Z,What does the US GENIUS Act mean for stablecoins?,"The Genius Act is a US law aimed at establishing federal oversight for stablecoin issuers, setting rules for reserves, redemption rights, and licensing requirements.","What is the GENIUS Act? 
The GENIUS Act is a United States federal law that creates a comprehensive regulatory framework for stablecoins.
The Guiding and Empowering Nation’s Innovation for US Stabl… [+8548 chars]",https://cointelegraph.com/explained/what-does-the-us-genius-act-mean-for-stablecoins,Cointelegraph
2025-07-22T15:45:00Z,Refurb MacBook Pro proves aging gracefully is possible,72% off refurbished 2019 Apple MacBook Pro,"Discover startups, services, products and more from our partner StackCommerce. New York Post edits this content, and may be compensated and/or receive an affiliate commission if you buy through our l… [+1814 chars]",https://nypost.com/2025/07/22/shopping/refurbished-apple-macbook-pro-13-3-inch-2019-with-touchbar-is-71-off/,New York Post
2025-07-22T15:43:29Z,Grow A Garden Zen Points Guide,"Our guide on Grow A Garden Zen Points, with the point values for different kinds of fruit and examples of the categories.","The Zen event promises new items, new plants, and some extremely interesting new pets. If you want to get hold of them, then you should get to know the world of Grow A Garden Zen Points.
Grow A Gard… [+1572 chars]",https://www.droidgamers.com/guides/grow-a-garden-zen-points-guide/,DroidGamers
2025-07-22T15:43:10Z,Apple Testing iPhone 17 Pro Color That Changes Before Your Eyes,"Apple could be cooking up something special for the iPhone 17 Pro's color lineup, if a singular rumor out of Asia is anything to go by.   Chinese...","Apple could be cooking up something special for the iPhone 17 Pro's color lineup, if a singular rumor out of Asia is anything to go by.
Chinese leaker Instant Digital has hinted at a mysterious new … [+1184 chars]",https://www.macrumors.com/2025/07/22/liquid-glass-color-iphone-17-pro/,MacRumors
2025-07-22T15:42:38Z,iOS 26 Public Beta with new security tools is about to ship,"The first public beta of iOS 26 is about to ship (probably on Wednesday, July 23). When it does, it will introduce two powerful new call-related features that should make a difference to business and personal communications: smart call and iMessage screening.…","It is highly probable that your personal or work iPhone receives weird spam messages. While all of these are annoying, some can also be quite convincing attempts to trick you into sharing information… [+768 chars]",https://www.computerworld.com/article/4026476/ios-26-public-beta-with-new-security-tools-is-about-to-ship.html,Computerworld
2025-07-22T15:42:23Z,"Apple has won a Patent for an Edge Illuminator for a Future HomePod, Watch Band, Macs, iPhone, iPad, Clothing & more","Apple was granted a patent today that describes an edge illuminator—a thin, one-dimensional display made of light-emitting diodes (LEDs) or similar components that wraps around or lines the edges of a device. It’s designed to provide low-resolution visual fee…","Apple was granted a patent today that describes an edge illuminatora thin, one-dimensional display made of light-emitting diodes (LEDs) or similar components that wraps around or lines the edges of a… [+4340 chars]",https://www.patentlyapple.com/2025/07/apple-has-won-a-patent-for-an-edge-illuminator-for-a-future-homepod-watch-band-macs-iphone-ipad-clothing-more.html,Patently Apple
2025-07-22T15:42:18Z,"Exclusive-Apple set to stave off daily fines, EU to accept App Store changes, sources say","BRUSSELS :Apple's changes to its App Store rules and fees will likely secure the green light from EU antitrust regulators, people with direct knowledge of the matter said, a move that would stave off potentially hefty daily fines for the iPhone maker.The comp…","BRUSSELS :Apple's changes to its App Store rules and fees will likely secure the green light from EU antitrust regulators, people with direct knowledge of the matter said, a move that would stave off… [+1344 chars]",https://www.channelnewsasia.com/business/exclusive-apple-set-stave-daily-fines-eu-accept-app-store-changes-sources-say-5252251,CNA
2025-07-22T15:41:24Z,Car Deal of the Day: an award-winning Volvo EX30 for just £286 a month,"The Volvo EX30 is an excellent all-round EV, and it’s our Deal of the Day for July 22","<ul><li>Easy to drive; cool Swedish design</li><li>209-mile range</li><li>Just £285.79 a month </li></ul>Volvo's smallest electric SUV, the EX30, might possess much of the larger EX90's premium touch… [+2109 chars]",https://www.autoexpress.co.uk/volvo/ex30/367411/car-deal-day-award-winning-volvo-ex30-just-ps286-month,AutoExpress
2025-07-22T15:40:00Z,Ubisoft reports first-quarter 2025-26 sales,UBISOFT REPORTS FIRST-QUARTER 2025-26 SALES     In €mQ12025-26    Reported change vs.Q1 2024-25    % of total net bookings      Q1 2025-26  Q1 2024-25...,"UBISOFT REPORTS FIRST-QUARTER 2025-26 SALES
<table><tr><td>   </td><td>In mQ12025-26</td><td>Reported change vs.Q1 2024-25</td><td>% of total net bookings </td></tr><tr><td>   </td><td>Q1 2025-26</t… [+15963 chars]",https://www.globenewswire.com/news-release/2025/07/22/3119685/0/en/Ubisoft-reports-first-quarter-2025-26-sales.html,GlobeNewswire
2025-07-22T15:40:00Z,Ubisoft annonce son chiffre d’affaires du premier trimestre 2025-26,UBISOFT ANNONCE SON CHIFFRE D’AFFAIRES DU PREMIER TRIMESTRE 2025-26     En M€T12025-26    Variation publiée vs.T1 2024-25    En % du net bookings total  ...,"UBISOFT ANNONCE SON CHIFFRE DAFFAIRES DU PREMIER TRIMESTRE 2025-26
<table><tr><td>   </td><td>En MT12025-26</td><td>Variation publiée vs.T1 2024-25</td><td>En % du net bookings total </td></tr><tr><… [+17609 chars]",https://www.globenewswire.com/news-release/2025/07/22/3119685/0/fr/Ubisoft-annonce-son-chiffre-d-affaires-du-premier-trimestre-2025-26.html,GlobeNewswire
2025-07-22T15:39:43Z,Namibia Unveils Bold Reform to Regain Upper-Middle-Income Status,"Namibia unveiled an ambitious development plan targeting average economic growth of 7% over the next five years, as it seeks to restore its upper-middle-income status by the end of the decade.","(Bloomberg) Namibia unveiled an ambitious development plan targeting average economic growth of 7% over the next five years, as it seeks to restore its upper-middle-income status by the end of the de… [+3988 chars]",https://financialpost.com/pmn/business-pmn/namibia-unveils-bold-reform-to-regain-upper-middle-income-status,Financial Post
2025-07-22T15:39:24Z,"Exclusive-Apple set to stave off daily fines, EU to accept App Store changes, sources say","BRUSSELS (Reuters) -Apple's changes to its App Store rules and fees will likely secure the green light from EU antitrust regulators, people with direct...","By Foo Yun Chee
BRUSSELS (Reuters) -Apple's changes to its App Store rules and fees will likely secure the green light from EU antitrust regulators, people with direct knowledge of the matter said, … [+1574 chars]",https://finance.yahoo.com/news/exclusive-apple-set-stave-off-153924729.html,Yahoo Entertainment
2025-07-22T15:39:00Z,iPhone 17 series backed to sell over 10% better than 16 series,"The iPhone 17 series might comprise some of the most innovative Apple handsets for several generations in 2025 - not the least the brand's first ever ultra-slim model. Now, they are backed to sustain at least as much growth on the market as their predecessors…",Apple is thought to do something approaching an actual risk with the design of the iPhone 17 Pro and Pro Max - even if it mostly involves taking the chance of being relentlessly compared to the Googl… [+978 chars],https://www.notebookcheck.net/iPhone-17-series-backed-to-sell-over-10-better-than-16-series.1064966.0.html,Notebookcheck.net
2025-07-22T15:36:24Z,Telegram Users in US Can Now Access Native Crypto Wallet,American users of popular messaging app Telegram can now access the native crypto wallet app that launched elsewhere in 2023.,"In brief
<ul><li>Telegram's native crypto wallet app is rolling out to users in the United States. </li><li>The TON Wallet allows users to buy, sell, and send crypto directly in the Telegram messagi… [+3191 chars]",https://decrypt.co/331236/telegram-users-us-access-native-ton-crypto-wallet,Decrypt
2025-07-22T15:36:13Z,Apple Could Offer Six Different New iPhone Models in 2027,"Apple could offer at least six different iPhone models in 2027, according to a proven leaker on Weibo.





According to a post from the leaker known as ""Instant Digital,"" there may be at least six new ‌iPhone‌ models to choose from in 2027. From the unveilin…","Apple could offer at least six different iPhone models in 2027, according to a proven leaker on Weibo.
According to a post from the leaker known as ""Instant Digital,"" there may be at least six new ‌… [+1151 chars]",https://www.macrumors.com/2025/07/22/six-different-new-iphones-in-2027/,MacRumors
2025-07-22T15:33:23Z,Download your photos before AT&T shuts down its cloud storage service permanently,"Come October, AT&T's Photo Storage service will stop backing up your files. Here's how to grab them before they're gone.","AT&amp;T / Elyse Betters Picaro / ZDNET
AT&amp;T has long offered certain subscribers a free online storage app and service designed to back up photos from their phones. That certainly sounds handy.… [+3140 chars]",https://www.zdnet.com/article/download-your-photos-before-at-t-shuts-down-its-cloud-storage-service-permanently/,ZDNet
2025-07-22T15:33:00Z,Morgan Stanley reboots Google stock price target ahead of earnings,Expectations are adjusted as the tech giant preps for a key moment,"Morgan Stanley reboots Google stock price target ahead of earnings originally appeared on TheStreet.
Being scrutinized yet being on the cusp isnt new for Google  (GOOGL) stock.
However, its next ac… [+4577 chars]",https://www.thestreet.com/technology/morgan-stanley-reboots-google-stock-price-target-ahead-of-earnings,TheStreet
2025-07-22T15:31:56Z,18 Reasons to Wait for the iPhone 17,Apple's iPhone development roadmap runs several years into the future and the company is continually working with suppliers on several successive...,"Apple's iPhone development roadmap runs several years into the future and the company is continually working with suppliers on several successive iPhone models simultaneously, which is why we often g… [+13523 chars]",https://www.macrumors.com/2025/07/22/17-reasons-to-wait-for-the-iphone-17/,MacRumors
2025-07-22T15:30:24Z,Michelin mess: How Apple Maps fumbles location details,"Apple Maps navigation might be on par with Google’s these days, but Apple’s location data is not. Google offers broad coverage for many points of interest, while Apple’s data has mostly relied on knitting together bits from competing business partners.…","Apple Maps navigation might be on par with Googles these days, but Apples location data is not. Google offers broad coverage for many points of interest, while Apples data has mostly relied on knitti… [+8925 chars]",https://sixcolors.com/post/2025/07/michelin-mess-how-apple-maps-fumbles-the-location-details/,sixcolors.com
2025-07-22T15:29:06Z,BMW Confirms It Won’t Support Apple CarPlay Ultra,"Apple’s new CarPlay Ultra system is finally here, bringing a more immersive version of its in-car interface to production vehicles. But if you’re a BMW driver hoping to get it anytime soon, don’t hold your...
First published by https://www.bmwblog.com","Apples new CarPlay Ultra system is finally here, bringing a more immersive version of its in-car interface to production vehicles. But if youre a BMW driver hoping to get it anytime soon, dont hold y… [+2108 chars]",https://www.bmwblog.com/2025/07/22/bmw-no-carplay-ultra-idrive-x/,BMWBLOG
2025-07-22T15:28:47Z,Justin Bieber’s ‘Swag’ vs. Travis Scott’s ‘Jackboys 2’: Inside the Closest Chart Battle We’ve Seen in Years,"There’s little question that Justin Bieber’s surprise-release of “Swag,” his first album in four years, on July 10 was one of the biggest bombshells of the year in the music world, and its huge first-week numbers reflect that. It was the biggest streaming deb…","There’s little question that Justin Bieber’s surprise-release of “Swag,” his first album in four years, on July 10 was one of the biggest bombshells of the year in the music world, and its huge first… [+7003 chars]",https://variety.com/2025/music/news/justin-bieber-swag-travis-scott-jackboys-2-chart-battle-1236466875/,Variety
